Week,Task,Done
Week 1,Definir propósito (Missão + Visão),FALSE
Week 1,Revisar documento técnico,FALSE
Week 1,Criar logotipo no Figma,FALSE
Week 1,"Wireframe: Splash, Home, Treinos",FALSE
Week 2,Adicionar ícones,FALSE
Week 2,Criar variações da Home,FALSE
Week 2,Prototipar animações,FALSE
Week 2,Feedback de 3 usuários,FALSE
Week 3,Setup Vite + Tailwind,FALSE
Week 3,Implementar telas,FALSE
Week 3,Navegação simples,FALSE
Week 4,Deploy na Vercel,FALSE
Week 4,Testes em dispositivos,FALSE
Week 4,Ajustes de responsividade,FALSE
Week 5,Supabase: auth e tabela users,FALSE
Week 5,Integrar login no app,FALSE
Week 6,Criar tabelas workouts e meals,FALSE
Week 6,Inserir exemplos (JSON),FALSE
Week 6,Exibir dados no app,FALSE
Week 7,Criar perfis sociais,FALSE
Week 7,Postar vídeos de demo,FALSE
Week 7,Página de inscrição,FALSE
Week 8,Coletar opiniões,FALSE
Week 8,Corrigir bugs,FALSE
Week 8,Documentar e preparar pitch,FALSE
